epoch,lr,phase,train_acc,train_loss,val_acc,val_loss,val_macro_f1
1,,frozen,0.2560693641618497,2.7796530392817678,0.4000000059604645,2.4324168576134575,0.29155759058784975
2,,frozen,0.4502890173410405,2.100473686725418,0.4749999940395355,2.1571621470981173,0.3985898139002745
3,,frozen,0.5156069364161849,1.8128554967097463,0.5222222208976746,1.9058181126912435,0.45651997896142116
4,,frozen,0.5583815028901734,1.6167293992345733,0.5222222208976746,1.7894903315438164,0.47563418635633425
5,,frozen,0.5976878612716763,1.5047026628703741,0.5361111164093018,1.7277083992958069,0.498392105012274
1,0.0009890738003669028,finetune,0.4601156069364162,1.7852263960535126,0.4583333432674408,1.78345857196384,0.4308218887564145
2,0.0009567727288213003,finetune,0.5242774566473989,1.4978562864954073,0.5055555701255798,1.738036150402493,0.45439832183945394
3,0.0009045084971874737,finetune,0.5832369942196531,1.2642149615839038,0.5277777910232544,1.6416725940174526,0.4879678011201004
